Lenovo,Herilala-20,e8:2a:ea:18:c4:87
Lenovo,Adrien-27,e4:70:b8:b7:b7:13
Panasonic,Michel-2,e0:9d:31:08:7a:fc
Panasonic,Eden-7,84:3a:4b:01:e8:a4
Panasonic,Diary-11,a4:4e:31:e3:e1:6c
Panasonic,Tsanta-18,e0:9d:31:08:7b:b4
Panasonic,Safidison-19,e0:9d:31:08:8d:24
Panasonic,Mandrindra-24,e0:9d:31:08:8c:10
Panasonic,Cyriaque-25,a4:4e:31:2c:b3:94
Panasonic,Tsioy-28,e0:9d:31:08:7e:cc
Panasonic,Faneva-30,e0:9d:31:08:8a:ac
Panasonic,RaphaÃ«l-31,84:3a:4b:02:2d:c8
Panasonic,Natolotra-33,e0:9d:31:08:91:9c
Panasonic,Andry-34,e0:9d:31:08:85:5c
Panasonic,Njiva-36,e0:9d:31:08:7d:f0
Panasonic,Fandresena-37,e0:9d:31:08:7d:d8
Panasonic,Sanda-39,e0:9d:31:08:90:20
Panasonic,Iantso-42,e0:9d:31:08:82:88
Panasonic,David-46,e0:9d:31:08:81:64
